onset	duration	sample	trial_type
0.000000	0.000000	1	start
129.084000	0.000000	64543	S61
130.616000	0.000000	65309	S62
130.982000	0.000000	65492	S66
134.516000	0.000000	67259	S81
136.050000	0.000000	68026	S82
136.372000	0.000000	68187	S83
140.016000	0.000000	70009	S31
141.550000	0.000000	70776	S32
141.902000	0.000000	70952	S33
145.716000	0.000000	72859	S51
147.250000	0.000000	73626	S52
147.572000	0.000000	73787	S53
151.234000	0.000000	75618	S11
152.766000	0.000000	76384	S12
153.040000	0.000000	76521	S13
156.516000	0.000000	78259	S61
158.050000	0.000000	79026	S62
158.376000	0.000000	79189	S63
162.066000	0.000000	81034	S61
163.600000	0.000000	81801	S62
163.868000	0.000000	81935	S63
167.266000	0.000000	83634	S41
168.800000	0.000000	84401	S42
169.164000	0.000000	84583	S43
173.000000	0.000000	86501	S51
174.534000	0.000000	87268	S52
174.824000	0.000000	87413	S53
178.318000	0.000000	89160	S61
179.850000	0.000000	89926	S62
180.204000	0.000000	90103	S63
184.034000	0.000000	92018	S31
185.568000	0.000000	92785	S32
185.936000	0.000000	92969	S33
189.818000	0.000000	94910	S61
191.350000	0.000000	95676	S62
191.650000	0.000000	95826	S63
195.168000	0.000000	97585	S61
196.700000	0.000000	98351	S62
197.000000	0.000000	98501	S63
200.584000	0.000000	100293	S11
202.118000	0.000000	101060	S12
202.486000	0.000000	101244	S13
206.400000	0.000000	103201	S61
207.934000	0.000000	103968	S62
208.276000	0.000000	104139	S63
212.050000	0.000000	106026	S71
213.584000	0.000000	106793	S72
213.910000	0.000000	106956	S73
217.568000	0.000000	108785	S21
219.100000	0.000000	109551	S22
219.448000	0.000000	109725	S23
223.200000	0.000000	111601	S11
224.734000	0.000000	112368	S12
225.050000	0.000000	112526	S13
228.684000	0.000000	114343	S61
230.218000	0.000000	115110	S62
230.506000	0.000000	115254	S63
234.018000	0.000000	117010	S71
235.550000	0.000000	117776	S72
235.954000	0.000000	117978	S76
239.800000	0.000000	119901	S71
241.334000	0.000000	120668	S72
241.614000	0.000000	120808	S73
245.000000	0.000000	122501	S31
246.534000	0.000000	123268	S32
246.844000	0.000000	123423	S33
250.450000	0.000000	125226	S11
251.984000	0.000000	125993	S12
252.264000	0.000000	126133	S13
255.668000	0.000000	127835	S61
257.200000	0.000000	128601	S62
257.548000	0.000000	128775	S63
261.336000	0.000000	130669	S41
262.868000	0.000000	131435	S42
263.172000	0.000000	131587	S43
266.734000	0.000000	133368	S41
268.268000	0.000000	134135	S42
268.542000	0.000000	134272	S43
271.968000	0.000000	135985	S51
273.502000	0.000000	136752	S52
273.786000	0.000000	136894	S53
277.218000	0.000000	138610	S41
278.752000	0.000000	139377	S42
279.046000	0.000000	139524	S43
282.602000	0.000000	141302	S71
284.134000	0.000000	142068	S72
284.456000	0.000000	142229	S73
288.068000	0.000000	144035	S81
289.602000	0.000000	144802	S82
289.912000	0.000000	144957	S83
293.502000	0.000000	146752	S31
295.034000	0.000000	147518	S32
295.340000	0.000000	147671	S33
298.934000	0.000000	149468	S21
300.468000	0.000000	150235	S22
300.768000	0.000000	150385	S23
304.334000	0.000000	152168	S71
305.868000	0.000000	152935	S72
306.226000	0.000000	153114	S73
310.102000	0.000000	155052	S51
311.634000	0.000000	155818	S52
311.946000	0.000000	155974	S53
315.484000	0.000000	157743	S11
317.018000	0.000000	158510	S12
317.314000	0.000000	158658	S13
320.834000	0.000000	160418	S31
322.368000	0.000000	161185	S32
322.716000	0.000000	161359	S33
326.484000	0.000000	163243	S51
328.018000	0.000000	164010	S52
328.344000	0.000000	164173	S53
332.018000	0.000000	166010	S81
333.552000	0.000000	166777	S82
333.836000	0.000000	166919	S83
337.302000	0.000000	168652	S81
338.834000	0.000000	169418	S82
339.192000	0.000000	169597	S83
343.002000	0.000000	171502	S51
344.534000	0.000000	172268	S52
344.830000	0.000000	172416	S53
348.436000	0.000000	174219	S21
349.968000	0.000000	174985	S22
350.300000	0.000000	175151	S23
354.036000	0.000000	177019	S11
355.568000	0.000000	177785	S12
355.874000	0.000000	177938	S13
359.436000	0.000000	179719	S81
360.968000	0.000000	180485	S82
361.242000	0.000000	180622	S83
364.670000	0.000000	182336	S61
366.202000	0.000000	183102	S62
366.560000	0.000000	183281	S63
370.402000	0.000000	185202	S31
371.936000	0.000000	185969	S32
372.278000	0.000000	186140	S33
376.002000	0.000000	188002	S41
377.536000	0.000000	188769	S42
377.836000	0.000000	188919	S43
381.402000	0.000000	190702	S81
382.936000	0.000000	191469	S82
383.288000	0.000000	191645	S83
387.136000	0.000000	193569	S31
388.668000	0.000000	194335	S32
389.052000	0.000000	194527	S36
392.802000	0.000000	196402	S41
394.336000	0.000000	197169	S42
394.614000	0.000000	197308	S43
398.036000	0.000000	199019	S21
399.568000	0.000000	199785	S22
399.890000	0.000000	199946	S23
403.518000	0.000000	201760	S21
405.052000	0.000000	202527	S22
405.358000	0.000000	202680	S23
408.952000	0.000000	204477	S71
410.486000	0.000000	205244	S72
410.834000	0.000000	205418	S73
414.652000	0.000000	207327	S81
416.186000	0.000000	208094	S82
416.528000	0.000000	208265	S83
420.252000	0.000000	210127	S71
421.786000	0.000000	210894	S72
422.096000	0.000000	211049	S73
425.686000	0.000000	212844	S81
427.218000	0.000000	213610	S82
427.588000	0.000000	213795	S83
431.502000	0.000000	215752	S31
433.036000	0.000000	216519	S32
433.304000	0.000000	216653	S33
436.686000	0.000000	218344	S11
438.218000	0.000000	219110	S12
438.556000	0.000000	219279	S13
442.286000	0.000000	221144	S71
443.818000	0.000000	221910	S72
444.088000	0.000000	222045	S73
447.520000	0.000000	223761	S41
449.052000	0.000000	224527	S42
449.336000	0.000000	224669	S43
452.770000	0.000000	226386	S51
454.302000	0.000000	227152	S52
454.582000	0.000000	227292	S53
458.002000	0.000000	229002	S41
459.536000	0.000000	229769	S42
459.852000	0.000000	229927	S43
463.502000	0.000000	231752	S51
465.036000	0.000000	232519	S52
465.310000	0.000000	232656	S53
468.702000	0.000000	234352	S61
470.236000	0.000000	235119	S62
470.588000	0.000000	235295	S63
474.370000	0.000000	237186	S51
475.902000	0.000000	237952	S52
476.234000	0.000000	238118	S53
479.902000	0.000000	239952	S61
481.436000	0.000000	240719	S62
481.752000	0.000000	240877	S63
485.386000	0.000000	242694	S41
486.920000	0.000000	243461	S42
487.204000	0.000000	243603	S43
490.686000	0.000000	245344	S81
492.220000	0.000000	246111	S82
492.588000	0.000000	246295	S83
496.470000	0.000000	248236	S31
498.002000	0.000000	249002	S32
498.288000	0.000000	249145	S33
501.802000	0.000000	250902	S11
503.336000	0.000000	251669	S12
503.762000	0.000000	251882	S16
507.670000	0.000000	253836	S11
509.202000	0.000000	254602	S12
509.530000	0.000000	254766	S13
513.170000	0.000000	256586	S51
514.702000	0.000000	257352	S52
515.056000	0.000000	257529	S53
518.836000	0.000000	259419	S71
520.370000	0.000000	260186	S72
520.658000	0.000000	260330	S73
524.120000	0.000000	262061	S71
525.652000	0.000000	262827	S72
525.984000	0.000000	262993	S73
529.704000	0.000000	264853	S51
531.236000	0.000000	265619	S52
531.568000	0.000000	265785	S53
561.786000	0.000000	280894	S71
563.320000	0.000000	281661	S72
563.646000	0.000000	281824	S73
567.336000	0.000000	283669	S61
568.870000	0.000000	284436	S62
569.164000	0.000000	284583	S63
572.738000	0.000000	286370	S21
574.270000	0.000000	287136	S22
574.574000	0.000000	287288	S23
578.170000	0.000000	289086	S71
579.704000	0.000000	289853	S72
579.988000	0.000000	289995	S73
583.436000	0.000000	291719	S31
584.970000	0.000000	292486	S32
585.296000	0.000000	292649	S33
588.970000	0.000000	294486	S11
590.504000	0.000000	295253	S12
590.788000	0.000000	295395	S13
594.272000	0.000000	297137	S31
595.804000	0.000000	297903	S32
596.104000	0.000000	298053	S33
599.620000	0.000000	299811	S21
601.154000	0.000000	300578	S22
601.422000	0.000000	300712	S23
604.770000	0.000000	302386	S11
606.304000	0.000000	303153	S12
606.582000	0.000000	303292	S13
609.938000	0.000000	304970	S81
611.470000	0.000000	305736	S82
611.786000	0.000000	305894	S83
615.422000	0.000000	307712	S31
616.954000	0.000000	308478	S32
617.318000	0.000000	308660	S33
621.188000	0.000000	310595	S31
622.720000	0.000000	311361	S32
623.078000	0.000000	311540	S33
626.870000	0.000000	313436	S71
628.404000	0.000000	314203	S72
628.694000	0.000000	314348	S73
632.138000	0.000000	316070	S41
633.670000	0.000000	316836	S42
633.982000	0.000000	316992	S43
637.572000	0.000000	318787	S81
639.104000	0.000000	319553	S82
639.468000	0.000000	319735	S83
643.288000	0.000000	321645	S21
644.820000	0.000000	322411	S22
645.172000	0.000000	322587	S23
648.654000	0.000000	324328	S11
650.188000	0.000000	325095	S12
650.508000	0.000000	325255	S13
654.204000	0.000000	327103	S61
655.738000	0.000000	327870	S62
656.084000	0.000000	328043	S63
659.820000	0.000000	329911	S11
661.354000	0.000000	330678	S12
661.644000	0.000000	330823	S13
665.120000	0.000000	332561	S61
666.654000	0.000000	333328	S62
666.966000	0.000000	333484	S66
670.538000	0.000000	335270	S41
672.070000	0.000000	336036	S42
672.434000	0.000000	336218	S46
676.304000	0.000000	338153	S61
677.838000	0.000000	338920	S62
678.206000	0.000000	339104	S63
682.072000	0.000000	341037	S11
683.604000	0.000000	341803	S12
683.956000	0.000000	341979	S13
687.804000	0.000000	343903	S41
689.338000	0.000000	344670	S42
689.674000	0.000000	344838	S43
693.404000	0.000000	346703	S81
694.938000	0.000000	347470	S82
695.228000	0.000000	347615	S83
698.704000	0.000000	349353	S71
700.238000	0.000000	350120	S72
700.596000	0.000000	350299	S73
704.422000	0.000000	352212	S81
705.954000	0.000000	352978	S82
706.228000	0.000000	353115	S83
709.638000	0.000000	354820	S31
711.170000	0.000000	355586	S32
711.524000	0.000000	355763	S33
715.338000	0.000000	357670	S31
716.870000	0.000000	358436	S32
717.214000	0.000000	358608	S33
720.888000	0.000000	360445	S21
722.422000	0.000000	361212	S22
722.774000	0.000000	361388	S23
726.622000	0.000000	363312	S71
728.154000	0.000000	364078	S72
728.572000	0.000000	364287	S76
732.472000	0.000000	366237	S81
734.004000	0.000000	367003	S82
734.322000	0.000000	367162	S86
737.888000	0.000000	368945	S51
739.422000	0.000000	369712	S52
739.696000	0.000000	369849	S53
743.154000	0.000000	371578	S31
744.688000	0.000000	372345	S32
745.014000	0.000000	372508	S33
748.638000	0.000000	374320	S41
750.172000	0.000000	375087	S42
750.502000	0.000000	375252	S43
754.222000	0.000000	377112	S61
755.754000	0.000000	377878	S62
756.118000	0.000000	378060	S63
759.954000	0.000000	379978	S71
761.488000	0.000000	380745	S72
761.830000	0.000000	380916	S73
765.588000	0.000000	382795	S71
767.122000	0.000000	383562	S72
767.438000	0.000000	383720	S73
771.022000	0.000000	385512	S51
772.554000	0.000000	386278	S52
772.908000	0.000000	386455	S53
776.638000	0.000000	388320	S11
778.172000	0.000000	389087	S12
778.482000	0.000000	389242	S13
782.088000	0.000000	391045	S21
783.622000	0.000000	391812	S22
783.912000	0.000000	391957	S23
787.388000	0.000000	393695	S41
788.922000	0.000000	394462	S42
789.274000	0.000000	394638	S43
793.040000	0.000000	396521	S51
794.572000	0.000000	397287	S52
794.892000	0.000000	397447	S53
798.522000	0.000000	399262	S31
800.054000	0.000000	400028	S32
800.350000	0.000000	400176	S33
803.854000	0.000000	401928	S51
805.388000	0.000000	402695	S52
805.694000	0.000000	402848	S53
809.206000	0.000000	404604	S31
810.738000	0.000000	405370	S32
811.106000	0.000000	405554	S33
815.040000	0.000000	407521	S41
816.572000	0.000000	408287	S42
816.872000	0.000000	408437	S43
820.406000	0.000000	410204	S21
821.938000	0.000000	410970	S22
822.270000	0.000000	411136	S23
825.906000	0.000000	412954	S21
827.438000	0.000000	413720	S22
827.750000	0.000000	413876	S23
831.338000	0.000000	415670	S21
832.872000	0.000000	416437	S22
833.192000	0.000000	416597	S23
836.840000	0.000000	418421	S81
838.372000	0.000000	419187	S82
838.662000	0.000000	419332	S83
842.122000	0.000000	421062	S61
843.656000	0.000000	421829	S62
843.944000	0.000000	421973	S63
847.422000	0.000000	423712	S71
848.956000	0.000000	424479	S72
849.240000	0.000000	424621	S73
852.706000	0.000000	426354	S11
854.238000	0.000000	427120	S12
854.586000	0.000000	427294	S13
858.356000	0.000000	429179	S61
859.888000	0.000000	429945	S62
860.210000	0.000000	430106	S63
863.872000	0.000000	431937	S71
865.406000	0.000000	432704	S72
865.768000	0.000000	432885	S73
869.606000	0.000000	434804	S71
871.138000	0.000000	435570	S72
871.476000	0.000000	435739	S73
875.222000	0.000000	437612	S21
876.756000	0.000000	438379	S22
877.072000	0.000000	438537	S23
880.690000	0.000000	440346	S71
882.222000	0.000000	441112	S72
882.496000	0.000000	441249	S73
885.888000	0.000000	442945	S61
887.422000	0.000000	443712	S62
887.738000	0.000000	443870	S63
891.372000	0.000000	445687	S21
892.906000	0.000000	446454	S22
893.248000	0.000000	446625	S23
897.022000	0.000000	448512	S31
898.556000	0.000000	449279	S32
898.866000	0.000000	449434	S33
902.456000	0.000000	451229	S71
903.988000	0.000000	451995	S72
904.358000	0.000000	452180	S73
908.190000	0.000000	454096	S71
909.722000	0.000000	454862	S72
910.022000	0.000000	455012	S73
913.556000	0.000000	456779	S41
915.090000	0.000000	457546	S42
915.416000	0.000000	457709	S43
919.090000	0.000000	459546	S11
920.622000	0.000000	460312	S12
920.954000	0.000000	460478	S13
924.674000	0.000000	462338	S41
926.206000	0.000000	463104	S42
926.548000	0.000000	463275	S43
930.256000	0.000000	465129	S31
931.790000	0.000000	465896	S32
932.120000	0.000000	466061	S33
935.806000	0.000000	467904	S11
937.340000	0.000000	468671	S12
937.640000	0.000000	468821	S13
941.190000	0.000000	470596	S71
942.722000	0.000000	471362	S72
943.002000	0.000000	471502	S73
946.356000	0.000000	473179	S71
947.890000	0.000000	473946	S72
948.252000	0.000000	474127	S73
952.106000	0.000000	476054	S31
953.640000	0.000000	476821	S32
953.930000	0.000000	476966	S33
957.472000	0.000000	478737	S11
959.006000	0.000000	479504	S12
959.296000	0.000000	479649	S13
962.822000	0.000000	481412	S81
964.356000	0.000000	482179	S82
964.688000	0.000000	482345	S83
968.358000	0.000000	484180	S31
969.890000	0.000000	484946	S32
970.194000	0.000000	485098	S33
996.340000	0.000000	498171	S21
997.872000	0.000000	498937	S22
998.198000	0.000000	499100	S23
1001.906000	0.000000	500954	S71
1003.440000	0.000000	501721	S72
1003.776000	0.000000	501889	S73
1007.590000	0.000000	503796	S21
1009.124000	0.000000	504563	S22
1009.438000	0.000000	504720	S23
1013.058000	0.000000	506530	S61
1014.590000	0.000000	507296	S62
1014.948000	0.000000	507475	S63
1018.740000	0.000000	509371	S11
1020.274000	0.000000	510138	S12
1020.676000	0.000000	510339	S16
1024.406000	0.000000	512204	S31
1025.940000	0.000000	512971	S32
1026.220000	0.000000	513111	S33
1029.624000	0.000000	514813	S11
1031.156000	0.000000	515579	S12
1031.472000	0.000000	515737	S13
1035.040000	0.000000	517521	S21
1036.574000	0.000000	518288	S22
1036.874000	0.000000	518438	S23
1040.440000	0.000000	520221	S41
1041.974000	0.000000	520988	S42
1042.264000	0.000000	521133	S43
1045.774000	0.000000	522888	S61
1047.306000	0.000000	523654	S62
1047.590000	0.000000	523796	S63
1051.056000	0.000000	525529	S81
1052.590000	0.000000	526296	S82
1052.870000	0.000000	526436	S83
1056.256000	0.000000	528129	S61
1057.790000	0.000000	528896	S62
1058.126000	0.000000	529064	S63
1061.824000	0.000000	530913	S81
1063.356000	0.000000	531679	S82
1063.668000	0.000000	531835	S83
1067.306000	0.000000	533654	S21
1068.840000	0.000000	534421	S22
1069.176000	0.000000	534589	S23
1072.840000	0.000000	536421	S31
1074.374000	0.000000	537188	S32
1074.696000	0.000000	537349	S33
1078.324000	0.000000	539163	S11
1079.856000	0.000000	539929	S12
1080.162000	0.000000	540082	S13
1083.774000	0.000000	541888	S61
1085.306000	0.000000	542654	S62
1085.582000	0.000000	542792	S63
1089.008000	0.000000	544505	S41
1090.540000	0.000000	545271	S42
1090.862000	0.000000	545432	S43
1094.458000	0.000000	547230	S81
1095.990000	0.000000	547996	S82
1096.316000	0.000000	548159	S83
1099.940000	0.000000	549971	S41
1101.474000	0.000000	550738	S42
1101.748000	0.000000	550875	S43
1105.208000	0.000000	552605	S11
1106.740000	0.000000	553371	S12
1107.098000	0.000000	553550	S13
1110.940000	0.000000	555471	S61
1112.474000	0.000000	556238	S62
1112.784000	0.000000	556393	S63
1116.408000	0.000000	558205	S21
1117.940000	0.000000	558971	S22
1118.250000	0.000000	559126	S23
1121.840000	0.000000	560921	S31
1123.374000	0.000000	561688	S32
1123.674000	0.000000	561838	S33
1127.208000	0.000000	563605	S41
1128.740000	0.000000	564371	S42
1129.052000	0.000000	564527	S43
1132.674000	0.000000	566338	S81
1134.208000	0.000000	567105	S82
1134.544000	0.000000	567273	S83
1138.224000	0.000000	569113	S71
1139.758000	0.000000	569880	S72
1140.032000	0.000000	570017	S73
1143.374000	0.000000	571688	S81
1144.908000	0.000000	572455	S82
1145.186000	0.000000	572594	S83
1148.608000	0.000000	574305	S71
1150.140000	0.000000	575071	S72
1150.510000	0.000000	575256	S73
1154.408000	0.000000	577205	S31
1155.940000	0.000000	577971	S32
1156.304000	0.000000	578153	S33
1160.140000	0.000000	580071	S61
1161.674000	0.000000	580838	S62
1161.984000	0.000000	580993	S63
1165.574000	0.000000	582788	S11
1167.108000	0.000000	583555	S12
1167.402000	0.000000	583702	S13
1170.892000	0.000000	585447	S61
1172.424000	0.000000	586213	S62
1172.708000	0.000000	586355	S63
1176.158000	0.000000	588080	S21
1177.690000	0.000000	588846	S22
1177.986000	0.000000	588994	S23
1181.492000	0.000000	590747	S51
1183.024000	0.000000	591513	S52
1183.444000	0.000000	591723	S56
1187.274000	0.000000	593638	S81
1188.808000	0.000000	594405	S82
1189.076000	0.000000	594539	S83
1192.508000	0.000000	596255	S51
1194.042000	0.000000	597022	S52
1194.330000	0.000000	597166	S53
1197.858000	0.000000	598930	S61
1199.392000	0.000000	599697	S62
1199.754000	0.000000	599878	S63
1203.574000	0.000000	601788	S21
1205.108000	0.000000	602555	S22
1205.434000	0.000000	602718	S23
1209.074000	0.000000	604538	S81
1210.608000	0.000000	605305	S82
1210.892000	0.000000	605447	S83
1214.392000	0.000000	607197	S11
1215.924000	0.000000	607963	S12
1216.208000	0.000000	608105	S13
1219.708000	0.000000	609855	S31
1221.242000	0.000000	610622	S32
1221.578000	0.000000	610790	S33
1225.308000	0.000000	612655	S71
1226.842000	0.000000	613422	S72
1227.174000	0.000000	613588	S73
1230.874000	0.000000	615438	S61
1232.408000	0.000000	616205	S62
1232.688000	0.000000	616345	S63
1236.074000	0.000000	618038	S51
1237.608000	0.000000	618805	S52
1237.972000	0.000000	618987	S53
1241.808000	0.000000	620905	S41
1243.342000	0.000000	621672	S42
1243.610000	0.000000	621806	S43
1247.108000	0.000000	623555	S11
1248.642000	0.000000	624322	S12
1248.952000	0.000000	624477	S13
1252.542000	0.000000	626272	S31
1254.074000	0.000000	627038	S32
1254.422000	0.000000	627212	S33
1258.176000	0.000000	629089	S31
1259.708000	0.000000	629855	S32
1260.002000	0.000000	630002	S33
1263.442000	0.000000	631722	S41
1264.974000	0.000000	632488	S42
1265.264000	0.000000	632633	S43
1268.776000	0.000000	634389	S51
1270.308000	0.000000	635155	S52
1270.608000	0.000000	635305	S53
1274.192000	0.000000	637097	S21
1275.726000	0.000000	637864	S22
1276.144000	0.000000	638073	S26
1280.008000	0.000000	640005	S41
1281.542000	0.000000	640772	S42
1281.896000	0.000000	640949	S46
1285.542000	0.000000	642772	S31
1287.076000	0.000000	643539	S32
1287.408000	0.000000	643705	S33
1291.092000	0.000000	645547	S61
1292.626000	0.000000	646314	S62
1293.000000	0.000000	646501	S66
1296.908000	0.000000	648455	S41
1298.442000	0.000000	649222	S42
1298.784000	0.000000	649393	S43
1302.526000	0.000000	651264	S51
1304.058000	0.000000	652030	S52
1304.406000	0.000000	652204	S53
1308.126000	0.000000	654064	S51
1309.658000	0.000000	654830	S52
1310.028000	0.000000	655015	S53
1313.926000	0.000000	656964	S11
1315.458000	0.000000	657730	S12
1315.728000	0.000000	657865	S13
1319.108000	0.000000	659555	S11
1320.642000	0.000000	660322	S12
1320.962000	0.000000	660482	S13
1324.592000	0.000000	662297	S21
1326.126000	0.000000	663064	S22
1326.478000	0.000000	663240	S23
1330.308000	0.000000	665155	S41
1331.842000	0.000000	665922	S42
1332.200000	0.000000	666101	S43
1335.992000	0.000000	667997	S51
1337.526000	0.000000	668764	S52
1337.894000	0.000000	668948	S53
1341.776000	0.000000	670889	S81
1343.308000	0.000000	671655	S82
1343.608000	0.000000	671805	S83
1347.176000	0.000000	673589	S51
1348.708000	0.000000	674355	S52
1348.978000	0.000000	674490	S53
1352.376000	0.000000	676189	S51
1353.908000	0.000000	676955	S52
1354.278000	0.000000	677140	S56
1357.926000	0.000000	678964	S81
1359.458000	0.000000	679730	S82
1359.806000	0.000000	679904	S83
1363.592000	0.000000	681797	S31
1365.126000	0.000000	682564	S32
1365.400000	0.000000	682701	S33
1368.842000	0.000000	684422	S21
1370.376000	0.000000	685189	S22
1370.738000	0.000000	685370	S23
1374.626000	0.000000	687314	S31
1376.160000	0.000000	688081	S32
1376.474000	0.000000	688238	S33
1380.076000	0.000000	690039	S61
1381.610000	0.000000	690806	S62
1381.914000	0.000000	690958	S63
1385.442000	0.000000	692722	S61
1386.976000	0.000000	693489	S62
1387.244000	0.000000	693623	S63
1390.592000	0.000000	695297	S31
1392.126000	0.000000	696064	S32
1392.442000	0.000000	696222	S33
1396.060000	0.000000	698031	S81
1397.592000	0.000000	698797	S82
1397.908000	0.000000	698955	S83
1401.510000	0.000000	700756	S11
1403.042000	0.000000	701522	S12
1403.384000	0.000000	701693	S13
1439.444000	0.000000	719723	S11
1440.976000	0.000000	720489	S12
1441.276000	0.000000	720639	S13
1444.794000	0.000000	722398	S81
1446.326000	0.000000	723164	S82
1446.650000	0.000000	723326	S86
1449.994000	0.000000	724998	S51
1451.526000	0.000000	725764	S52
1451.794000	0.000000	725898	S53
1455.226000	0.000000	727614	S11
1456.760000	0.000000	728381	S12
1457.102000	0.000000	728552	S13
1460.844000	0.000000	730423	S81
1462.376000	0.000000	731189	S82
1462.716000	0.000000	731359	S86
1466.376000	0.000000	733189	S41
1467.910000	0.000000	733956	S42
1468.246000	0.000000	734124	S43
1471.960000	0.000000	735981	S61
1473.494000	0.000000	736748	S62
1473.798000	0.000000	736900	S63
1477.360000	0.000000	738681	S31
1478.894000	0.000000	739448	S32
1479.252000	0.000000	739627	S33
1483.076000	0.000000	741539	S31
1484.610000	0.000000	742306	S32
1484.946000	0.000000	742474	S33
1488.710000	0.000000	744356	S51
1490.244000	0.000000	745123	S52
1490.606000	0.000000	745304	S53
1494.426000	0.000000	747214	S51
1495.960000	0.000000	747981	S52
1496.296000	0.000000	748149	S53
1500.010000	0.000000	750006	S71
1501.544000	0.000000	750773	S72
1501.864000	0.000000	750933	S73
1505.494000	0.000000	752748	S31
1507.026000	0.000000	753514	S32
1507.366000	0.000000	753684	S36
1510.844000	0.000000	755423	S51
1512.376000	0.000000	756189	S52
1512.734000	0.000000	756368	S53
1516.560000	0.000000	758281	S81
1518.094000	0.000000	759048	S82
1518.400000	0.000000	759201	S83
1521.944000	0.000000	760973	S51
1523.476000	0.000000	761739	S52
1523.878000	0.000000	761940	S56
1527.676000	0.000000	763839	S31
1529.210000	0.000000	764606	S32
1529.532000	0.000000	764767	S33
1533.110000	0.000000	766556	S11
1534.644000	0.000000	767323	S12
1534.980000	0.000000	767491	S13
1538.728000	0.000000	769365	S81
1540.260000	0.000000	770131	S82
1540.530000	0.000000	770266	S83
1544.010000	0.000000	772006	S51
1545.544000	0.000000	772773	S52
1545.886000	0.000000	772944	S53
1549.628000	0.000000	774815	S71
1551.160000	0.000000	775581	S72
1551.428000	0.000000	775715	S73
1554.844000	0.000000	777423	S51
1556.378000	0.000000	778190	S52
1556.736000	0.000000	778369	S53
1560.560000	0.000000	780281	S21
1562.094000	0.000000	781048	S22
1562.388000	0.000000	781195	S23
1565.828000	0.000000	782915	S41
1567.360000	0.000000	783681	S42
1567.688000	0.000000	783845	S43
1571.344000	0.000000	785673	S81
1572.878000	0.000000	786440	S82
1573.240000	0.000000	786621	S83
1577.110000	0.000000	788556	S41
1578.644000	0.000000	789323	S42
1578.940000	0.000000	789471	S43
1582.460000	0.000000	791231	S21
1583.994000	0.000000	791998	S22
1584.342000	0.000000	792172	S23
1588.128000	0.000000	794065	S81
1589.660000	0.000000	794831	S82
1589.966000	0.000000	794984	S83
1593.610000	0.000000	796806	S61
1595.144000	0.000000	797573	S62
1595.510000	0.000000	797756	S66
1599.044000	0.000000	799523	S11
1600.578000	0.000000	800290	S12
1600.940000	0.000000	800471	S13
1604.828000	0.000000	802415	S51
1606.360000	0.000000	803181	S52
1606.640000	0.000000	803321	S53
1610.078000	0.000000	805040	S61
1611.610000	0.000000	805806	S62
1611.942000	0.000000	805972	S63
1615.560000	0.000000	807781	S21
1617.094000	0.000000	808548	S22
1617.452000	0.000000	808727	S23
1621.294000	0.000000	810648	S41
1622.828000	0.000000	811415	S42
1623.134000	0.000000	811568	S43
1626.694000	0.000000	813348	S21
1628.228000	0.000000	814115	S22
1628.570000	0.000000	814286	S23
1632.344000	0.000000	816173	S81
1633.878000	0.000000	816940	S82
1634.224000	0.000000	817113	S83
1638.028000	0.000000	819015	S81
1639.560000	0.000000	819781	S82
1639.856000	0.000000	819929	S83
1643.294000	0.000000	821648	S41
1644.828000	0.000000	822415	S42
1645.096000	0.000000	822549	S43
1648.412000	0.000000	824207	S51
1649.944000	0.000000	824973	S52
1650.286000	0.000000	825144	S53
1654.028000	0.000000	827015	S21
1655.562000	0.000000	827782	S22
1655.920000	0.000000	827961	S23
1659.744000	0.000000	829873	S41
1661.278000	0.000000	830640	S42
1661.626000	0.000000	830814	S43
1665.428000	0.000000	832715	S71
1666.962000	0.000000	833482	S72
1667.304000	0.000000	833653	S73
1671.044000	0.000000	835523	S61
1672.578000	0.000000	836290	S62
1672.858000	0.000000	836430	S63
1676.228000	0.000000	838115	S71
1677.762000	0.000000	838882	S72
1678.114000	0.000000	839058	S73
1681.928000	0.000000	840965	S21
1683.462000	0.000000	841732	S22
1683.736000	0.000000	841869	S23
1687.128000	0.000000	843565	S21
1688.662000	0.000000	844332	S22
1689.030000	0.000000	844516	S23
1692.912000	0.000000	846457	S81
1694.444000	0.000000	847223	S82
1694.798000	0.000000	847400	S83
1698.544000	0.000000	849273	S51
1700.078000	0.000000	850040	S52
1700.404000	0.000000	850203	S53
1704.078000	0.000000	852040	S81
1705.612000	0.000000	852807	S82
1705.912000	0.000000	852957	S83
1709.462000	0.000000	854732	S51
1710.994000	0.000000	855498	S52
1711.310000	0.000000	855656	S53
1714.894000	0.000000	857448	S51
1716.428000	0.000000	858215	S52
1716.712000	0.000000	858357	S53
1720.178000	0.000000	860090	S41
1721.712000	0.000000	860857	S42
1721.990000	0.000000	860996	S43
1725.396000	0.000000	862699	S71
1726.928000	0.000000	863465	S72
1727.224000	0.000000	863613	S73
1730.728000	0.000000	865365	S51
1732.262000	0.000000	866132	S52
1732.598000	0.000000	866300	S53
1736.346000	0.000000	868174	S21
1737.878000	0.000000	868940	S22
1738.242000	0.000000	869122	S23
1742.096000	0.000000	871049	S21
1743.628000	0.000000	871815	S22
1743.966000	0.000000	871984	S23
1747.696000	0.000000	873849	S41
1749.228000	0.000000	874615	S42
1749.550000	0.000000	874776	S43
1753.212000	0.000000	876607	S11
1754.746000	0.000000	877374	S12
1755.014000	0.000000	877508	S13
1758.362000	0.000000	879182	S71
1759.896000	0.000000	879949	S72
1760.202000	0.000000	880102	S73
1763.778000	0.000000	881890	S41
1765.312000	0.000000	882657	S42
1765.680000	0.000000	882841	S43
1769.528000	0.000000	884765	S41
1771.062000	0.000000	885532	S42
1771.394000	0.000000	885698	S43
1775.096000	0.000000	887549	S11
1776.628000	0.000000	888315	S12
1776.902000	0.000000	888452	S13
1780.278000	0.000000	890140	S51
1781.812000	0.000000	890907	S52
1782.160000	0.000000	891081	S53
1785.946000	0.000000	892974	S11
1787.478000	0.000000	893740	S12
1787.806000	0.000000	893904	S13
1791.496000	0.000000	895749	S81
1793.028000	0.000000	896515	S82
1793.386000	0.000000	896694	S83
1797.178000	0.000000	898590	S21
1798.712000	0.000000	899357	S22
1798.992000	0.000000	899497	S23
1802.446000	0.000000	901224	S11
1803.978000	0.000000	901990	S12
1804.310000	0.000000	902156	S13
1807.996000	0.000000	903999	S81
1809.528000	0.000000	904765	S82
1809.824000	0.000000	904913	S83
1813.328000	0.000000	906665	S41
1814.862000	0.000000	907432	S42
1815.178000	0.000000	907590	S43
1818.796000	0.000000	909399	S21
1820.328000	0.000000	910165	S22
1820.698000	0.000000	910350	S23
1824.580000	0.000000	912291	S71
1826.112000	0.000000	913057	S72
1826.460000	0.000000	913231	S73
1830.212000	0.000000	915107	S61
1831.746000	0.000000	915874	S62
1832.020000	0.000000	916011	S63
1835.430000	0.000000	917716	S71
1836.962000	0.000000	918482	S72
1837.316000	0.000000	918659	S73
1841.130000	0.000000	920566	S61
1842.662000	0.000000	921332	S62
1842.958000	0.000000	921480	S63
1846.462000	0.000000	923232	S61
1847.996000	0.000000	923999	S62
1848.364000	0.000000	924183	S63
1851.176000	0.000000	925589	S255
1918.280000	0.000000	959141	S61
1919.812000	0.000000	959907	S62
1920.170000	0.000000	960086	S63
1924.798000	0.000000	962400	S31
1926.330000	0.000000	963166	S32
1926.694000	0.000000	963348	S33
1930.514000	0.000000	965258	S71
1932.046000	0.000000	966024	S72
1932.314000	0.000000	966158	S73
1935.714000	0.000000	967858	S81
1937.246000	0.000000	968624	S82
1937.526000	0.000000	968764	S83
1940.980000	0.000000	970491	S61
1942.514000	0.000000	971258	S62
1942.876000	0.000000	971439	S63
1946.746000	0.000000	973374	S11
1948.280000	0.000000	974141	S12
1948.612000	0.000000	974307	S13
1952.296000	0.000000	976149	S51
1953.830000	0.000000	976916	S52
1954.192000	0.000000	977097	S53
1958.046000	0.000000	979024	S71
1959.580000	0.000000	979791	S72
1959.870000	0.000000	979936	S73
1963.380000	0.000000	981691	S41
1964.914000	0.000000	982458	S42
1965.256000	0.000000	982629	S43
1968.980000	0.000000	984491	S51
1970.514000	0.000000	985258	S52
1970.802000	0.000000	985402	S56
1974.246000	0.000000	987124	S51
1975.780000	0.000000	987891	S52
1976.070000	0.000000	988036	S53
1979.530000	0.000000	989766	S41
1981.064000	0.000000	990533	S42
1981.396000	0.000000	990699	S43
1985.080000	0.000000	992541	S41
1986.614000	0.000000	993308	S42
1986.982000	0.000000	993492	S43
1990.830000	0.000000	995416	S11
1992.364000	0.000000	996183	S12
1992.722000	0.000000	996362	S13
1996.496000	0.000000	998249	S61
1998.030000	0.000000	999016	S62
1998.336000	0.000000	999169	S63
2001.914000	0.000000	1000958	S51
2003.446000	0.000000	1001724	S52
2003.746000	0.000000	1001874	S53
2007.298000	0.000000	1003650	S41
2008.830000	0.000000	1004416	S42
2009.140000	0.000000	1004571	S43
2012.748000	0.000000	1006375	S21
2014.280000	0.000000	1007141	S22
2014.638000	0.000000	1007320	S23
2018.448000	0.000000	1009225	S81
2019.980000	0.000000	1009991	S82
2020.260000	0.000000	1010131	S83
2023.730000	0.000000	1011866	S21
2025.264000	0.000000	1012633	S22
2025.574000	0.000000	1012788	S23
2029.148000	0.000000	1014575	S31
2030.680000	0.000000	1015341	S32
2031.044000	0.000000	1015523	S33
2034.898000	0.000000	1017450	S31
2036.430000	0.000000	1018216	S32
2036.758000	0.000000	1018380	S33
2040.430000	0.000000	1020216	S81
2041.964000	0.000000	1020983	S82
2042.248000	0.000000	1021125	S83
2045.714000	0.000000	1022858	S11
2047.248000	0.000000	1023625	S12
2047.558000	0.000000	1023780	S13
2051.164000	0.000000	1025583	S71
2052.698000	0.000000	1026350	S72
2052.976000	0.000000	1026489	S73
2056.414000	0.000000	1028208	S71
2057.948000	0.000000	1028975	S72
2058.316000	0.000000	1029159	S73
2062.180000	0.000000	1031091	S31
2063.714000	0.000000	1031858	S32
2064.008000	0.000000	1032005	S33
2067.564000	0.000000	1033783	S61
2069.098000	0.000000	1034550	S62
2069.392000	0.000000	1034697	S63
2072.880000	0.000000	1036441	S11
2074.414000	0.000000	1037208	S12
2074.724000	0.000000	1037363	S13
2078.298000	0.000000	1039150	S61
2079.830000	0.000000	1039916	S62
2080.104000	0.000000	1040053	S63
2083.448000	0.000000	1041725	S71
2084.980000	0.000000	1042491	S72
2085.344000	0.000000	1042673	S73
2089.180000	0.000000	1044591	S61
2090.714000	0.000000	1045358	S62
2090.982000	0.000000	1045492	S63
2094.332000	0.000000	1047167	S11
2095.864000	0.000000	1047933	S12
2096.186000	0.000000	1048094	S13
2099.814000	0.000000	1049908	S31
2101.348000	0.000000	1050675	S32
2101.696000	0.000000	1050849	S33
2105.498000	0.000000	1052750	S61
2107.030000	0.000000	1053516	S62
2107.400000	0.000000	1053701	S63
2111.298000	0.000000	1055650	S11
2112.830000	0.000000	1056416	S12
2113.126000	0.000000	1056564	S13
2116.598000	0.000000	1058300	S81
2118.132000	0.000000	1059067	S82
2118.416000	0.000000	1059209	S83
2121.864000	0.000000	1060933	S61
2123.398000	0.000000	1061700	S62
2123.790000	0.000000	1061896	S66
2127.598000	0.000000	1063800	S71
2129.132000	0.000000	1064567	S72
2129.448000	0.000000	1064725	S73
2133.048000	0.000000	1066525	S11
2134.582000	0.000000	1067292	S12
2134.924000	0.000000	1067463	S13
2138.714000	0.000000	1069358	S31
2140.248000	0.000000	1070125	S32
2140.616000	0.000000	1070309	S33
2144.448000	0.000000	1072225	S81
2145.982000	0.000000	1072992	S82
2146.276000	0.000000	1073139	S83
2149.764000	0.000000	1074883	S81
2151.298000	0.000000	1075650	S82
2151.604000	0.000000	1075803	S83
2155.148000	0.000000	1077575	S41
2156.682000	0.000000	1078342	S42
2156.966000	0.000000	1078484	S43
2160.432000	0.000000	1080217	S31
2161.964000	0.000000	1080983	S32
2162.266000	0.000000	1081134	S33
2165.798000	0.000000	1082900	S21
2167.332000	0.000000	1083667	S22
2167.734000	0.000000	1083868	S26
2171.482000	0.000000	1085742	S21
2173.014000	0.000000	1086508	S22
2173.300000	0.000000	1086651	S23
2176.782000	0.000000	1088392	S81
2178.314000	0.000000	1089158	S82
2178.672000	0.000000	1089337	S83
2182.548000	0.000000	1091275	S41
2184.082000	0.000000	1092042	S42
2184.398000	0.000000	1092200	S43
2188.032000	0.000000	1094017	S21
2189.566000	0.000000	1094784	S22
2189.874000	0.000000	1094938	S26
2193.266000	0.000000	1096634	S61
2194.798000	0.000000	1097400	S62
2195.098000	0.000000	1097550	S63
2198.616000	0.000000	1099309	S51
2200.148000	0.000000	1100075	S52
2200.422000	0.000000	1100212	S53
2203.832000	0.000000	1101917	S41
2205.364000	0.000000	1102683	S42
2205.692000	0.000000	1102847	S43
2209.348000	0.000000	1104675	S81
2210.882000	0.000000	1105442	S82
2211.230000	0.000000	1105616	S83
2215.048000	0.000000	1107525	S21
2216.582000	0.000000	1108292	S22
2216.936000	0.000000	1108469	S26
2220.416000	0.000000	1110209	S21
2221.948000	0.000000	1110975	S22
2222.290000	0.000000	1111146	S23
2226.032000	0.000000	1113017	S21
2227.566000	0.000000	1113784	S22
2227.876000	0.000000	1113939	S23
2231.466000	0.000000	1115734	S21
2232.998000	0.000000	1116500	S22
2233.298000	0.000000	1116650	S23
2236.832000	0.000000	1118417	S51
2238.366000	0.000000	1119184	S52
2238.686000	0.000000	1119344	S53
2242.332000	0.000000	1121167	S51
2243.866000	0.000000	1121934	S52
2244.176000	0.000000	1122089	S53
2247.782000	0.000000	1123892	S71
2249.316000	0.000000	1124659	S72
2249.610000	0.000000	1124806	S73
2253.132000	0.000000	1126567	S61
2254.666000	0.000000	1127334	S62
2254.976000	0.000000	1127489	S63
2258.582000	0.000000	1129292	S41
2260.116000	0.000000	1130059	S42
2260.394000	0.000000	1130198	S43
2263.816000	0.000000	1131909	S11
2265.348000	0.000000	1132675	S12
2265.650000	0.000000	1132826	S13
2269.216000	0.000000	1134609	S11
2270.748000	0.000000	1135375	S12
2271.076000	0.000000	1135539	S13
2274.798000	0.000000	1137400	S61
2276.332000	0.000000	1138167	S62
2276.612000	0.000000	1138307	S63
2280.048000	0.000000	1140025	S81
2281.582000	0.000000	1140792	S82
2281.876000	0.000000	1140939	S83
2285.366000	0.000000	1142684	S41
2286.898000	0.000000	1143450	S42
2287.252000	0.000000	1143627	S43
2291.100000	0.000000	1145551	S81
2292.632000	0.000000	1146317	S82
2292.948000	0.000000	1146475	S83
2296.566000	0.000000	1148284	S51
2298.098000	0.000000	1149050	S52
2298.420000	0.000000	1149211	S53
2302.132000	0.000000	1151067	S61
2303.666000	0.000000	1151834	S62
2304.024000	0.000000	1152013	S63
2307.850000	0.000000	1153926	S11
2309.382000	0.000000	1154692	S12
2309.804000	0.000000	1154903	S16
2313.632000	0.000000	1156817	S31
2315.166000	0.000000	1157584	S32
2315.446000	0.000000	1157724	S33
2318.900000	0.000000	1159451	S71
2320.432000	0.000000	1160217	S72
2320.764000	0.000000	1160383	S73
2368.350000	0.000000	1184176	S51
2369.882000	0.000000	1184942	S52
2370.240000	0.000000	1185121	S53
2374.066000	0.000000	1187034	S51
2375.600000	0.000000	1187801	S52
2375.968000	0.000000	1187985	S53
2379.800000	0.000000	1189901	S51
2381.332000	0.000000	1190667	S52
2381.702000	0.000000	1190852	S53
2385.634000	0.000000	1192818	S61
2387.166000	0.000000	1193584	S62
2387.466000	0.000000	1193734	S63
2391.050000	0.000000	1195526	S81
2392.584000	0.000000	1196293	S82
2392.930000	0.000000	1196466	S83
2396.700000	0.000000	1198351	S21
2398.234000	0.000000	1199118	S22
2398.528000	0.000000	1199265	S23
2401.966000	0.000000	1200984	S41
2403.500000	0.000000	1201751	S42
2403.800000	0.000000	1201901	S43
2407.316000	0.000000	1203659	S71
2408.850000	0.000000	1204426	S72
2409.150000	0.000000	1204576	S73
2412.666000	0.000000	1206334	S61
2414.200000	0.000000	1207101	S62
2414.564000	0.000000	1207283	S63
2418.384000	0.000000	1209193	S31
2419.916000	0.000000	1209959	S32
2420.238000	0.000000	1210120	S33
2423.850000	0.000000	1211926	S41
2425.384000	0.000000	1212693	S42
2425.706000	0.000000	1212854	S46
2429.184000	0.000000	1214593	S41
2430.716000	0.000000	1215359	S42
2431.006000	0.000000	1215504	S43
2434.484000	0.000000	1217243	S31
2436.016000	0.000000	1218009	S32
2436.358000	0.000000	1218180	S33
2440.134000	0.000000	1220068	S51
2441.666000	0.000000	1220834	S52
2441.946000	0.000000	1220974	S53
2445.350000	0.000000	1222676	S21
2446.884000	0.000000	1223443	S22
2447.204000	0.000000	1223603	S23
2450.800000	0.000000	1225401	S41
2452.334000	0.000000	1226168	S42
2452.650000	0.000000	1226326	S43
2456.250000	0.000000	1228126	S61
2457.784000	0.000000	1228893	S62
2458.052000	0.000000	1229027	S63
2461.416000	0.000000	1230709	S21
2462.950000	0.000000	1231476	S22
2463.292000	0.000000	1231647	S23
2467.034000	0.000000	1233518	S41
2468.566000	0.000000	1234284	S42
2468.850000	0.000000	1234426	S43
2472.334000	0.000000	1236168	S11
2473.866000	0.000000	1236934	S12
2474.184000	0.000000	1237093	S13
2477.850000	0.000000	1238926	S41
2479.384000	0.000000	1239693	S42
2479.720000	0.000000	1239861	S43
2483.418000	0.000000	1241710	S81
2484.950000	0.000000	1242476	S82
2485.276000	0.000000	1242639	S83
2488.918000	0.000000	1244460	S61
2490.450000	0.000000	1245226	S62
2490.772000	0.000000	1245387	S63
2494.384000	0.000000	1247193	S21
2495.918000	0.000000	1247960	S22
2496.196000	0.000000	1248099	S23
2499.650000	0.000000	1249826	S31
2501.184000	0.000000	1250593	S32
2501.458000	0.000000	1250730	S33
2504.818000	0.000000	1252410	S51
2506.350000	0.000000	1253176	S52
2506.646000	0.000000	1253324	S53
2510.250000	0.000000	1255126	S71
2511.784000	0.000000	1255893	S72
2512.126000	0.000000	1256064	S73
2515.834000	0.000000	1257918	S71
2517.368000	0.000000	1258685	S72
2517.694000	0.000000	1258848	S73
2521.400000	0.000000	1260701	S21
2522.934000	0.000000	1261468	S22
2523.260000	0.000000	1261631	S23
2526.868000	0.000000	1263435	S21
2528.400000	0.000000	1264201	S22
2528.674000	0.000000	1264338	S23
2532.084000	0.000000	1266043	S41
2533.618000	0.000000	1266810	S42
2533.912000	0.000000	1266957	S43
2537.434000	0.000000	1268718	S51
2538.968000	0.000000	1269485	S52
2539.252000	0.000000	1269627	S53
2542.818000	0.000000	1271410	S11
2544.350000	0.000000	1272176	S12
2544.656000	0.000000	1272329	S13
2548.184000	0.000000	1274093	S51
2549.718000	0.000000	1274860	S52
2550.044000	0.000000	1275023	S53
2553.750000	0.000000	1276876	S21
2555.284000	0.000000	1277643	S22
2555.648000	0.000000	1277825	S23
2559.500000	0.000000	1279751	S21
2561.034000	0.000000	1280518	S22
2561.350000	0.000000	1280676	S23
2564.952000	0.000000	1282477	S81
2566.484000	0.000000	1283243	S82
2566.758000	0.000000	1283380	S83
2570.134000	0.000000	1285068	S11
2571.668000	0.000000	1285835	S12
2571.942000	0.000000	1285972	S13
2575.334000	0.000000	1287668	S51
2576.868000	0.000000	1288435	S52
2577.238000	0.000000	1288620	S56
2580.918000	0.000000	1290460	S71
2582.450000	0.000000	1291226	S72
2582.782000	0.000000	1291392	S73
2586.434000	0.000000	1293218	S61
2587.968000	0.000000	1293985	S62
2588.300000	0.000000	1294151	S63
2591.968000	0.000000	1295985	S11
2593.502000	0.000000	1296752	S12
2593.838000	0.000000	1296920	S13
2597.584000	0.000000	1298793	S31
2599.118000	0.000000	1299560	S32
2599.434000	0.000000	1299718	S33
2603.068000	0.000000	1301535	S51
2604.602000	0.000000	1302302	S52
2604.948000	0.000000	1302475	S53
2608.702000	0.000000	1304352	S41
2610.234000	0.000000	1305118	S42
2610.508000	0.000000	1305255	S43
2613.918000	0.000000	1306960	S61
2615.452000	0.000000	1307727	S62
2615.788000	0.000000	1307895	S63
2619.502000	0.000000	1309752	S51
2621.034000	0.000000	1310518	S52
2621.372000	0.000000	1310687	S53
2625.084000	0.000000	1312543	S71
2626.618000	0.000000	1313310	S72
2626.976000	0.000000	1313489	S73
2630.784000	0.000000	1315393	S81
2632.318000	0.000000	1316160	S82
2632.682000	0.000000	1316342	S83
2636.518000	0.000000	1318260	S71
2638.052000	0.000000	1319027	S72
2638.326000	0.000000	1319164	S73
2641.718000	0.000000	1320860	S31
2643.252000	0.000000	1321627	S32
2643.568000	0.000000	1321785	S33
2647.186000	0.000000	1323594	S11
2648.718000	0.000000	1324360	S12
2649.066000	0.000000	1324534	S13
2652.884000	0.000000	1326443	S41
2654.418000	0.000000	1327210	S42
2654.740000	0.000000	1327371	S43
2658.368000	0.000000	1329185	S81
2659.902000	0.000000	1329952	S82
2660.224000	0.000000	1330113	S83
2663.852000	0.000000	1331927	S71
2665.384000	0.000000	1332693	S72
2665.654000	0.000000	1332828	S73
2669.036000	0.000000	1334519	S41
2670.568000	0.000000	1335285	S42
2670.858000	0.000000	1335430	S43
2674.352000	0.000000	1337177	S61
2675.884000	0.000000	1337943	S62
2676.196000	0.000000	1338099	S63
2679.786000	0.000000	1339894	S21
2681.318000	0.000000	1340660	S22
2681.666000	0.000000	1340834	S23
2685.402000	0.000000	1342702	S71
2686.936000	0.000000	1343469	S72
2687.224000	0.000000	1343613	S73
2690.702000	0.000000	1345352	S31
2692.236000	0.000000	1346119	S32
2692.572000	0.000000	1346287	S33
2696.286000	0.000000	1348144	S81
2697.818000	0.000000	1348910	S82
2698.124000	0.000000	1349063	S83
2701.686000	0.000000	1350844	S31
2703.218000	0.000000	1351610	S32
2703.518000	0.000000	1351760	S33
2707.036000	0.000000	1353519	S71
2708.568000	0.000000	1354285	S72
2708.916000	0.000000	1354459	S73
2712.718000	0.000000	1356360	S21
2714.252000	0.000000	1357127	S22
2714.590000	0.000000	1357296	S23
2718.336000	0.000000	1359169	S51
2719.868000	0.000000	1359935	S52
2720.226000	0.000000	1360114	S53
2724.018000	0.000000	1362010	S81
2725.552000	0.000000	1362777	S82
2725.904000	0.000000	1362953	S83
2729.718000	0.000000	1364860	S61
2731.252000	0.000000	1365627	S62
2731.620000	0.000000	1365811	S63
2735.536000	0.000000	1367769	S51
2737.068000	0.000000	1368535	S52
2737.358000	0.000000	1368680	S53
2740.802000	0.000000	1370402	S81
2742.336000	0.000000	1371169	S82
2742.626000	0.000000	1371314	S83
2746.086000	0.000000	1373044	S71
2747.618000	0.000000	1373810	S72
2747.904000	0.000000	1373953	S73
2751.336000	0.000000	1375669	S11
2752.868000	0.000000	1376435	S12
2753.154000	0.000000	1376578	S13
2756.670000	0.000000	1378336	S51
2758.202000	0.000000	1379102	S52
2758.628000	0.000000	1379315	S56
2762.470000	0.000000	1381236	S81
2764.002000	0.000000	1382002	S82
2764.334000	0.000000	1382168	S83
2768.052000	0.000000	1384027	S21
2769.586000	0.000000	1384794	S22
2769.906000	0.000000	1384954	S23
2773.552000	0.000000	1386777	S31
2775.086000	0.000000	1387544	S32
2775.438000	0.000000	1387720	S33
2895.186000	0.000000	1447594	S61
2896.720000	0.000000	1448361	S62
2897.056000	0.000000	1448529	S66
2900.654000	0.000000	1450328	S61
2902.186000	0.000000	1451094	S62
2902.476000	0.000000	1451239	S63
2905.986000	0.000000	1452994	S31
2907.520000	0.000000	1453761	S32
2907.852000	0.000000	1453927	S33
2911.586000	0.000000	1455794	S21
2913.120000	0.000000	1456561	S22
2913.426000	0.000000	1456714	S23
2916.986000	0.000000	1458494	S71
2918.520000	0.000000	1459261	S72
2918.872000	0.000000	1459437	S73
2922.654000	0.000000	1461328	S51
2924.186000	0.000000	1462094	S52
2924.528000	0.000000	1462265	S53
2928.220000	0.000000	1464111	S31
2929.754000	0.000000	1464878	S32
2930.064000	0.000000	1465033	S33
2933.636000	0.000000	1466819	S51
2935.170000	0.000000	1467586	S52
2935.496000	0.000000	1467749	S53
2939.170000	0.000000	1469586	S31
2940.704000	0.000000	1470353	S32
2941.040000	0.000000	1470521	S36
2944.504000	0.000000	1472253	S81
2946.036000	0.000000	1473019	S82
2946.394000	0.000000	1473198	S83
2950.254000	0.000000	1475128	S21
2951.786000	0.000000	1475894	S22
2952.118000	0.000000	1476060	S23
2955.804000	0.000000	1477903	S11
2957.336000	0.000000	1478669	S12
2957.664000	0.000000	1478833	S13
2961.354000	0.000000	1480678	S61
2962.886000	0.000000	1481444	S62
2963.182000	0.000000	1481592	S63
2966.670000	0.000000	1483336	S81
2968.204000	0.000000	1484103	S82
2968.540000	0.000000	1484271	S83
2972.204000	0.000000	1486103	S71
2973.738000	0.000000	1486870	S72
2974.064000	0.000000	1487033	S73
2977.770000	0.000000	1488886	S31
2979.304000	0.000000	1489653	S32
2979.656000	0.000000	1489829	S33
2983.488000	0.000000	1491745	S41
2985.020000	0.000000	1492511	S42
2985.382000	0.000000	1492692	S46
2988.854000	0.000000	1494428	S61
2990.388000	0.000000	1495195	S62
2990.734000	0.000000	1495368	S63
2994.554000	0.000000	1497278	S11
2996.088000	0.000000	1498045	S12
2996.456000	0.000000	1498229	S13
3000.954000	0.000000	1500478	S61
3002.488000	0.000000	1501245	S62
3002.830000	0.000000	1501416	S63
3006.570000	0.000000	1503286	S71
3008.104000	0.000000	1504053	S72
3008.440000	0.000000	1504221	S73
3012.104000	0.000000	1506053	S11
3013.638000	0.000000	1506820	S12
3013.938000	0.000000	1506970	S13
3017.438000	0.000000	1508720	S61
3018.970000	0.000000	1509486	S62
3019.286000	0.000000	1509644	S63
3022.904000	0.000000	1511453	S11
3024.438000	0.000000	1512220	S12
3024.774000	0.000000	1512388	S13
3028.488000	0.000000	1514245	S31
3030.020000	0.000000	1515011	S32
3030.316000	0.000000	1515159	S33
3033.838000	0.000000	1516920	S61
3035.370000	0.000000	1517686	S62
3035.686000	0.000000	1517844	S66
3039.220000	0.000000	1519611	S11
3040.754000	0.000000	1520378	S12
3041.022000	0.000000	1520512	S13
3044.420000	0.000000	1522211	S21
3045.954000	0.000000	1522978	S22
3046.322000	0.000000	1523162	S23
3050.254000	0.000000	1525128	S71
3051.788000	0.000000	1525895	S72
3052.146000	0.000000	1526074	S73
3055.954000	0.000000	1527978	S81
3057.488000	0.000000	1528745	S82
3057.778000	0.000000	1528890	S83
3061.322000	0.000000	1530662	S61
3062.854000	0.000000	1531428	S62
3063.252000	0.000000	1531627	S66
3066.972000	0.000000	1533487	S11
3068.504000	0.000000	1534253	S12
3068.810000	0.000000	1534406	S13
3072.338000	0.000000	1536170	S41
3073.872000	0.000000	1536937	S42
3074.198000	0.000000	1537100	S43
3077.904000	0.000000	1538953	S41
3079.438000	0.000000	1539720	S42
3079.786000	0.000000	1539894	S46
3083.522000	0.000000	1541762	S51
3085.054000	0.000000	1542528	S52
3085.408000	0.000000	1542705	S53
3089.188000	0.000000	1544595	S31
3090.722000	0.000000	1545362	S32
3091.006000	0.000000	1545504	S33
3094.488000	0.000000	1547245	S21
3096.022000	0.000000	1548012	S22
3096.358000	0.000000	1548180	S23
3100.088000	0.000000	1550045	S51
3101.622000	0.000000	1550812	S52
3101.984000	0.000000	1550993	S53
3105.838000	0.000000	1552920	S11
3107.372000	0.000000	1553687	S12
3107.734000	0.000000	1553868	S13
3111.654000	0.000000	1555828	S11
3113.188000	0.000000	1556595	S12
3113.510000	0.000000	1556756	S13
3117.122000	0.000000	1558562	S41
3118.654000	0.000000	1559328	S42
3118.960000	0.000000	1559481	S43
3122.504000	0.000000	1561253	S61
3124.038000	0.000000	1562020	S62
3124.354000	0.000000	1562178	S63
3127.922000	0.000000	1563962	S51
3129.454000	0.000000	1564728	S52
3129.802000	0.000000	1564902	S53
3133.522000	0.000000	1566762	S41
3135.054000	0.000000	1567528	S42
3135.414000	0.000000	1567708	S43
3139.256000	0.000000	1569629	S31
3140.788000	0.000000	1570395	S32
3141.130000	0.000000	1570566	S33
3144.906000	0.000000	1572454	S21
3146.438000	0.000000	1573220	S22
3146.766000	0.000000	1573384	S23
3150.472000	0.000000	1575237	S41
3152.004000	0.000000	1576003	S42
3152.300000	0.000000	1576151	S43
3155.788000	0.000000	1577895	S41
3157.322000	0.000000	1578662	S42
3157.642000	0.000000	1578822	S43
3161.256000	0.000000	1580629	S71
3162.788000	0.000000	1581395	S72
3163.068000	0.000000	1581535	S73
3166.538000	0.000000	1583270	S51
3168.072000	0.000000	1584037	S52
3168.340000	0.000000	1584171	S53
3171.688000	0.000000	1585845	S71
3173.222000	0.000000	1586612	S72
3173.542000	0.000000	1586772	S73
3177.188000	0.000000	1588595	S61
3178.722000	0.000000	1589362	S62
3179.028000	0.000000	1589515	S63
3182.672000	0.000000	1591337	S61
3184.206000	0.000000	1592104	S62
3184.494000	0.000000	1592248	S63
3187.938000	0.000000	1593970	S71
3189.472000	0.000000	1594737	S72
3189.792000	0.000000	1594897	S73
3193.456000	0.000000	1596729	S21
3194.988000	0.000000	1597495	S22
3195.358000	0.000000	1597680	S23
3199.238000	0.000000	1599620	S81
3200.772000	0.000000	1600387	S82
3201.072000	0.000000	1600537	S83
3204.622000	0.000000	1602312	S51
3206.156000	0.000000	1603079	S52
3206.434000	0.000000	1603218	S53
3209.888000	0.000000	1604945	S71
3211.422000	0.000000	1605712	S72
3211.770000	0.000000	1605886	S73
3215.472000	0.000000	1607737	S61
3217.006000	0.000000	1608504	S62
3217.332000	0.000000	1608667	S63
3220.988000	0.000000	1610495	S51
3222.522000	0.000000	1611262	S52
3222.854000	0.000000	1611428	S53
3226.506000	0.000000	1613254	S61
3228.038000	0.000000	1614020	S62
3228.324000	0.000000	1614163	S63
3231.788000	0.000000	1615895	S81
3233.322000	0.000000	1616662	S82
3233.590000	0.000000	1616796	S83
3236.972000	0.000000	1618487	S81
3238.506000	0.000000	1619254	S82
3238.816000	0.000000	1619409	S83
3242.422000	0.000000	1621212	S81
3243.956000	0.000000	1621979	S82
3244.298000	0.000000	1622150	S83
3248.040000	0.000000	1624021	S51
3249.572000	0.000000	1624787	S52
3249.878000	0.000000	1624940	S53
3253.440000	0.000000	1626721	S81
3254.972000	0.000000	1627487	S82
3255.272000	0.000000	1627637	S83
3258.906000	0.000000	1629454	S21
3260.440000	0.000000	1630221	S22
3260.792000	0.000000	1630397	S23
3264.572000	0.000000	1632287	S11
3266.106000	0.000000	1633054	S12
3266.458000	0.000000	1633230	S13
3270.256000	0.000000	1635129	S71
3271.790000	0.000000	1635896	S72
3272.074000	0.000000	1636038	S73
3275.590000	0.000000	1637796	S81
3277.122000	0.000000	1638562	S82
3277.438000	0.000000	1638720	S83
3281.056000	0.000000	1640529	S31
3282.590000	0.000000	1641296	S32
3282.878000	0.000000	1641440	S33
3286.372000	0.000000	1643187	S81
3287.906000	0.000000	1643954	S82
3288.274000	0.000000	1644138	S83
3292.122000	0.000000	1646062	S81
3293.656000	0.000000	1646829	S82
3293.966000	0.000000	1646984	S83
3297.522000	0.000000	1648762	S21
3299.056000	0.000000	1649529	S22
3299.382000	0.000000	1649692	S26
3302.690000	0.000000	1651346	S61
3304.222000	0.000000	1652112	S62
3304.502000	0.000000	1652252	S63
3343.724000	0.000000	1671863	S51
3345.256000	0.000000	1672629	S52
3345.608000	0.000000	1672805	S53
3349.490000	0.000000	1674746	S41
3351.022000	0.000000	1675512	S42
3351.322000	0.000000	1675662	S43
3354.890000	0.000000	1677446	S41
3356.424000	0.000000	1678213	S42
3356.760000	0.000000	1678381	S43
3360.574000	0.000000	1680288	S41
3362.106000	0.000000	1681054	S42
3362.374000	0.000000	1681188	S43
3365.806000	0.000000	1682904	S51
3367.340000	0.000000	1683671	S52
3367.624000	0.000000	1683813	S53
3371.074000	0.000000	1685538	S21
3372.606000	0.000000	1686304	S22
3372.960000	0.000000	1686481	S23
3376.724000	0.000000	1688363	S41
3378.256000	0.000000	1689129	S42
3378.530000	0.000000	1689266	S43
3381.890000	0.000000	1690946	S61
3383.424000	0.000000	1691713	S62
3383.698000	0.000000	1691850	S63
3387.074000	0.000000	1693538	S11
3388.606000	0.000000	1694304	S12
3388.876000	0.000000	1694439	S13
3392.274000	0.000000	1696138	S21
3393.806000	0.000000	1696904	S22
3394.112000	0.000000	1697057	S23
3397.674000	0.000000	1698838	S21
3399.206000	0.000000	1699604	S22
3399.506000	0.000000	1699754	S23
3403.056000	0.000000	1701529	S51
3404.590000	0.000000	1702296	S52
3404.932000	0.000000	1702467	S53
3408.740000	0.000000	1704371	S31
3410.274000	0.000000	1705138	S32
3410.594000	0.000000	1705298	S33
3414.240000	0.000000	1707121	S21
3415.774000	0.000000	1707888	S22
3416.136000	0.000000	1708069	S23
3420.024000	0.000000	1710013	S31
3421.556000	0.000000	1710779	S32
3421.888000	0.000000	1710945	S33
3425.540000	0.000000	1712771	S41
3427.074000	0.000000	1713538	S42
3427.380000	0.000000	1713691	S43
3431.008000	0.000000	1715505	S51
3432.540000	0.000000	1716271	S52
3432.872000	0.000000	1716437	S53
3436.508000	0.000000	1718255	S71
3438.040000	0.000000	1719021	S72
3438.314000	0.000000	1719158	S73
3441.674000	0.000000	1720838	S41
3443.206000	0.000000	1721604	S42
3443.518000	0.000000	1721760	S43
3447.090000	0.000000	1723546	S51
3448.624000	0.000000	1724313	S52
3448.898000	0.000000	1724450	S53
3452.358000	0.000000	1726180	S11
3453.890000	0.000000	1726946	S12
3454.222000	0.000000	1727112	S13
3457.874000	0.000000	1728938	S81
3459.408000	0.000000	1729705	S82
3459.776000	0.000000	1729889	S83
3463.690000	0.000000	1731846	S31
3465.224000	0.000000	1732613	S32
3465.572000	0.000000	1732787	S33
3469.324000	0.000000	1734663	S81
3470.858000	0.000000	1735430	S82
3471.210000	0.000000	1735606	S83
3475.024000	0.000000	1737513	S51
3476.558000	0.000000	1738280	S52
3476.894000	0.000000	1738448	S53
3480.590000	0.000000	1740296	S21
3482.124000	0.000000	1741063	S22
3482.472000	0.000000	1741237	S23
3486.174000	0.000000	1743088	S31
3487.708000	0.000000	1743855	S32
3488.066000	0.000000	1744034	S33
3491.924000	0.000000	1745963	S11
3493.458000	0.000000	1746730	S12
3493.748000	0.000000	1746875	S13
3497.224000	0.000000	1748613	S51
3498.758000	0.000000	1749380	S52
3499.026000	0.000000	1749514	S53
3502.390000	0.000000	1751196	S41
3503.924000	0.000000	1751963	S42
3504.256000	0.000000	1752129	S43
3507.940000	0.000000	1753971	S31
3509.474000	0.000000	1754738	S32
3509.742000	0.000000	1754872	S33
3513.140000	0.000000	1756571	S51
3514.674000	0.000000	1757338	S52
3514.994000	0.000000	1757498	S56
3518.458000	0.000000	1759230	S61
3519.990000	0.000000	1759996	S62
3520.276000	0.000000	1760139	S63
3523.758000	0.000000	1761880	S31
3525.290000	0.000000	1762646	S32
3525.596000	0.000000	1762799	S33
3529.124000	0.000000	1764563	S71
3530.658000	0.000000	1765330	S72
3531.022000	0.000000	1765512	S73
3534.858000	0.000000	1767430	S11
3536.390000	0.000000	1768196	S12
3536.680000	0.000000	1768341	S13
3540.158000	0.000000	1770080	S31
3541.692000	0.000000	1770847	S32
3542.044000	0.000000	1771023	S36
3545.792000	0.000000	1772897	S81
3547.324000	0.000000	1773663	S82
3547.598000	0.000000	1773800	S83
3550.942000	0.000000	1775472	S41
3552.474000	0.000000	1776238	S42
3552.816000	0.000000	1776409	S43
3556.524000	0.000000	1778263	S51
3558.058000	0.000000	1779030	S52
3558.374000	0.000000	1779188	S53
3561.974000	0.000000	1780988	S61
3563.508000	0.000000	1781755	S62
3563.856000	0.000000	1781929	S63
3567.624000	0.000000	1783813	S71
3569.158000	0.000000	1784580	S72
3569.510000	0.000000	1784756	S73
3573.292000	0.000000	1786647	S11
3574.824000	0.000000	1787413	S12
3575.166000	0.000000	1787584	S13
3578.858000	0.000000	1789430	S61
3580.392000	0.000000	1790197	S62
3580.744000	0.000000	1790373	S63
3584.524000	0.000000	1792263	S21
3586.058000	0.000000	1793030	S22
3586.390000	0.000000	1793196	S23
3590.092000	0.000000	1795047	S71
3591.624000	0.000000	1795813	S72
3591.934000	0.000000	1795968	S73
3595.558000	0.000000	1797780	S41
3597.092000	0.000000	1798547	S42
3597.360000	0.000000	1798681	S43
3600.742000	0.000000	1800372	S71
3602.274000	0.000000	1801138	S72
3602.612000	0.000000	1801307	S73
3606.342000	0.000000	1803172	S31
3607.874000	0.000000	1803938	S32
3608.186000	0.000000	1804094	S33
3611.792000	0.000000	1805897	S71
3613.324000	0.000000	1806663	S72
3613.668000	0.000000	1806835	S73
3617.392000	0.000000	1808697	S31
3618.926000	0.000000	1809464	S32
3619.252000	0.000000	1809627	S33
3622.958000	0.000000	1811480	S41
3624.492000	0.000000	1812247	S42
3624.772000	0.000000	1812387	S43
3628.208000	0.000000	1814105	S41
3629.742000	0.000000	1814872	S42
3630.104000	0.000000	1815053	S43
3633.892000	0.000000	1816947	S21
3635.424000	0.000000	1817713	S22
3635.720000	0.000000	1817861	S23
3639.226000	0.000000	1819614	S21
3640.758000	0.000000	1820380	S22
3641.116000	0.000000	1820559	S23
3644.942000	0.000000	1822472	S31
3646.476000	0.000000	1823239	S32
3646.844000	0.000000	1823423	S33
3650.742000	0.000000	1825372	S11
3652.276000	0.000000	1826139	S12
3652.554000	0.000000	1826278	S13
3655.926000	0.000000	1827964	S71
3657.458000	0.000000	1828730	S72
3657.828000	0.000000	1828915	S76
3661.626000	0.000000	1830814	S11
3663.158000	0.000000	1831580	S12
3663.438000	0.000000	1831720	S13
3666.808000	0.000000	1833405	S31
3668.342000	0.000000	1834172	S32
3668.678000	0.000000	1834340	S33
3672.408000	0.000000	1836205	S71
3673.942000	0.000000	1836972	S72
3674.310000	0.000000	1837156	S73
3678.192000	0.000000	1839097	S71
3679.726000	0.000000	1839864	S72
3680.030000	0.000000	1840016	S73
3683.626000	0.000000	1841814	S21
3685.158000	0.000000	1842580	S22
3685.428000	0.000000	1842715	S23
3688.826000	0.000000	1844414	S11
3690.358000	0.000000	1845180	S12
3690.674000	0.000000	1845338	S13
3694.276000	0.000000	1847139	S31
3695.808000	0.000000	1847905	S32
3696.166000	0.000000	1848084	S33
3700.008000	0.000000	1850005	S21
3701.542000	0.000000	1850772	S22
3701.832000	0.000000	1850917	S23
3705.342000	0.000000	1852672	S11
3706.876000	0.000000	1853439	S12
3707.160000	0.000000	1853581	S13
3710.676000	0.000000	1855339	S81
3712.208000	0.000000	1856105	S82
3712.478000	0.000000	1856240	S83
3715.792000	0.000000	1857897	S61
3717.326000	0.000000	1858664	S62
3717.678000	0.000000	1858840	S63
3721.510000	0.000000	1860756	S21
3723.042000	0.000000	1861522	S22
3723.358000	0.000000	1861680	S23
3727.010000	0.000000	1863506	S81
3728.542000	0.000000	1864272	S82
3728.906000	0.000000	1864454	S83
3732.742000	0.000000	1866372	S41
3734.276000	0.000000	1867139	S42
3734.624000	0.000000	1867313	S43
3738.376000	0.000000	1869189	S11
3739.910000	0.000000	1869956	S12
3740.182000	0.000000	1870092	S13
3743.576000	0.000000	1871789	S11
3745.110000	0.000000	1872556	S12
3745.404000	0.000000	1872703	S13
3748.910000	0.000000	1874456	S31
3750.442000	0.000000	1875222	S32
3750.748000	0.000000	1875375	S33
3753.256000	0.000000	1876629	S255
3797.892000	0.000000	1898947	S91
3799.426000	0.000000	1899714	S92
3799.710000	0.000000	1899856	S93
3803.176000	0.000000	1901589	S91
3804.710000	0.000000	1902356	S92
3805.000000	0.000000	1902501	S93
3808.460000	0.000000	1904231	S101
3809.992000	0.000000	1904997	S102
3810.314000	0.000000	1905158	S103
3813.910000	0.000000	1906956	S91
3815.442000	0.000000	1907722	S92
3815.790000	0.000000	1907896	S93
3819.544000	0.000000	1909773	S91
3821.076000	0.000000	1910539	S92
3821.444000	0.000000	1910723	S93
3825.326000	0.000000	1912664	S91
3826.860000	0.000000	1913431	S92
3827.164000	0.000000	1913583	S93
3830.760000	0.000000	1915381	S121
3832.294000	0.000000	1916148	S122
3832.640000	0.000000	1916321	S123
3836.360000	0.000000	1918181	S101
3837.894000	0.000000	1918948	S102
3838.162000	0.000000	1919082	S103
3841.576000	0.000000	1920789	S91
3843.110000	0.000000	1921556	S92
3843.400000	0.000000	1921701	S93
3846.876000	0.000000	1923439	S101
3848.410000	0.000000	1924206	S102
3848.726000	0.000000	1924364	S103
3852.326000	0.000000	1926164	S101
3853.860000	0.000000	1926931	S102
3854.208000	0.000000	1927105	S103
3857.994000	0.000000	1928998	S111
3859.526000	0.000000	1929764	S112
3859.796000	0.000000	1929899	S113
3863.176000	0.000000	1931589	S101
3864.710000	0.000000	1932356	S102
3865.062000	0.000000	1932532	S103
3868.844000	0.000000	1934423	S121
3870.376000	0.000000	1935189	S122
3870.688000	0.000000	1935345	S123
3874.294000	0.000000	1937148	S91
3875.826000	0.000000	1937914	S92
3876.184000	0.000000	1938093	S93
3879.994000	0.000000	1939998	S121
3881.526000	0.000000	1940764	S122
3881.838000	0.000000	1940920	S123
3885.394000	0.000000	1942698	S101
3886.926000	0.000000	1943464	S102
3887.264000	0.000000	1943633	S103
3890.944000	0.000000	1945473	S101
3892.476000	0.000000	1946239	S102
3892.782000	0.000000	1946392	S103
3896.310000	0.000000	1948156	S91
3897.844000	0.000000	1948923	S92
3898.116000	0.000000	1949059	S93
3901.494000	0.000000	1950748	S101
3903.026000	0.000000	1951514	S102
3903.380000	0.000000	1951691	S103
3907.194000	0.000000	1953598	S91
3908.726000	0.000000	1954364	S92
3909.070000	0.000000	1954536	S93
3912.810000	0.000000	1956406	S91
3914.344000	0.000000	1957173	S92
3914.618000	0.000000	1957310	S93
3917.994000	0.000000	1958998	S111
3919.526000	0.000000	1959764	S112
3919.828000	0.000000	1959915	S113
3923.378000	0.000000	1961690	S111
3924.910000	0.000000	1962456	S112
3925.184000	0.000000	1962593	S113
3928.544000	0.000000	1964273	S111
3930.078000	0.000000	1965040	S112
3930.366000	0.000000	1965184	S113
3933.810000	0.000000	1966906	S101
3935.344000	0.000000	1967673	S102
3935.638000	0.000000	1967820	S103
3939.128000	0.000000	1969565	S101
3940.660000	0.000000	1970331	S102
3940.960000	0.000000	1970481	S103
3944.510000	0.000000	1972256	S111
3946.044000	0.000000	1973023	S112
3946.412000	0.000000	1973207	S113
3950.228000	0.000000	1975115	S91
3951.760000	0.000000	1975881	S92
3952.044000	0.000000	1976023	S93
3955.560000	0.000000	1977781	S101
3957.094000	0.000000	1978548	S102
3957.458000	0.000000	1978730	S103
3961.296000	0.000000	1980649	S121
3962.828000	0.000000	1981415	S122
3963.154000	0.000000	1981578	S123
3966.810000	0.000000	1983406	S101
3968.344000	0.000000	1984173	S102
3968.666000	0.000000	1984334	S103
3972.260000	0.000000	1986131	S91
3973.794000	0.000000	1986898	S92
3974.090000	0.000000	1987046	S93
3977.628000	0.000000	1988815	S111
3979.160000	0.000000	1989581	S112
3979.456000	0.000000	1989729	S113
3982.944000	0.000000	1991473	S121
3984.478000	0.000000	1992240	S122
3984.830000	0.000000	1992416	S123
3988.610000	0.000000	1994306	S91
3990.144000	0.000000	1995073	S92
3990.508000	0.000000	1995255	S93
3994.378000	0.000000	1997190	S91
3995.910000	0.000000	1997956	S92
3996.226000	0.000000	1998114	S93
3999.778000	0.000000	1999890	S121
4001.310000	0.000000	2000656	S122
4001.606000	0.000000	2000804	S123
4005.112000	0.000000	2002557	S111
4006.644000	0.000000	2003323	S112
4006.914000	0.000000	2003458	S113
4010.312000	0.000000	2005157	S91
4011.844000	0.000000	2005923	S92
4012.166000	0.000000	2006084	S93
4015.794000	0.000000	2007898	S111
4017.328000	0.000000	2008665	S112
4017.644000	0.000000	2008823	S113
4021.244000	0.000000	2010623	S91
4022.778000	0.000000	2011390	S92
4023.110000	0.000000	2011556	S93
4026.778000	0.000000	2013390	S111
4028.312000	0.000000	2014157	S112
4028.606000	0.000000	2014304	S113
4032.094000	0.000000	2016048	S111
4033.628000	0.000000	2016815	S112
4033.902000	0.000000	2016952	S113
4037.294000	0.000000	2018648	S91
4038.828000	0.000000	2019415	S92
4039.134000	0.000000	2019568	S93
4042.712000	0.000000	2021357	S101
4044.244000	0.000000	2022123	S102
4044.536000	0.000000	2022269	S106
4047.978000	0.000000	2023990	S101
4049.512000	0.000000	2024757	S102
4049.928000	0.000000	2024965	S106
4053.712000	0.000000	2026857	S101
4055.244000	0.000000	2027623	S102
4055.560000	0.000000	2027781	S103
4059.144000	0.000000	2029573	S121
4060.678000	0.000000	2030340	S122
4060.958000	0.000000	2030480	S123
4064.394000	0.000000	2032198	S101
4065.928000	0.000000	2032965	S102
4066.296000	0.000000	2033149	S103
4070.162000	0.000000	2035082	S121
4071.694000	0.000000	2035848	S122
4072.038000	0.000000	2036020	S123
4109.228000	0.000000	2054615	S101
4110.762000	0.000000	2055382	S102
4111.088000	0.000000	2055545	S103
4114.746000	0.000000	2057374	S101
4116.278000	0.000000	2058140	S102
4116.562000	0.000000	2058282	S103
4120.012000	0.000000	2060007	S91
4121.546000	0.000000	2060774	S92
4121.824000	0.000000	2060913	S93
4125.246000	0.000000	2062624	S121
4126.778000	0.000000	2063390	S122
4127.126000	0.000000	2063564	S123
4130.896000	0.000000	2065449	S111
4132.428000	0.000000	2066215	S112
4132.776000	0.000000	2066389	S113
4136.546000	0.000000	2068274	S101
4138.078000	0.000000	2069040	S102
4138.352000	0.000000	2069177	S103
4141.762000	0.000000	2070882	S91
4143.296000	0.000000	2071649	S92
4143.590000	0.000000	2071796	S93
4147.078000	0.000000	2073540	S111
4148.612000	0.000000	2074307	S112
4148.886000	0.000000	2074444	S113
4152.278000	0.000000	2076140	S101
4153.812000	0.000000	2076907	S102
4154.154000	0.000000	2077078	S103
4157.878000	0.000000	2078940	S111
4159.412000	0.000000	2079707	S112
4159.776000	0.000000	2079889	S113
4163.646000	0.000000	2081824	S121
4165.178000	0.000000	2082590	S122
4165.468000	0.000000	2082735	S123
4168.928000	0.000000	2084465	S101
4170.462000	0.000000	2085232	S102
4170.830000	0.000000	2085416	S103
4174.662000	0.000000	2087332	S101
4176.196000	0.000000	2088099	S102
4176.522000	0.000000	2088262	S103
4180.112000	0.000000	2090057	S101
4181.646000	0.000000	2090824	S102
4182.014000	0.000000	2091008	S103
4185.846000	0.000000	2092924	S121
4187.378000	0.000000	2093690	S122
4187.652000	0.000000	2093827	S123
4190.996000	0.000000	2095499	S111
4192.528000	0.000000	2096265	S112
4192.798000	0.000000	2096400	S113
4196.112000	0.000000	2098057	S121
4197.646000	0.000000	2098824	S122
4197.972000	0.000000	2098987	S123
4201.596000	0.000000	2100799	S91
4203.128000	0.000000	2101565	S92
4203.446000	0.000000	2101724	S93
4206.996000	0.000000	2103499	S111
4208.528000	0.000000	2104265	S112
4208.808000	0.000000	2104405	S113
4212.180000	0.000000	2106091	S121
4213.712000	0.000000	2106857	S122
4214.008000	0.000000	2107005	S123
4217.430000	0.000000	2108716	S111
4218.962000	0.000000	2109482	S112
4219.278000	0.000000	2109640	S113
4222.830000	0.000000	2111416	S121
4224.362000	0.000000	2112182	S122
4224.694000	0.000000	2112348	S123
4228.296000	0.000000	2114149	S121
4229.830000	0.000000	2114916	S122
4230.150000	0.000000	2115076	S123
4233.746000	0.000000	2116874	S111
4235.280000	0.000000	2117641	S112
4235.558000	0.000000	2117780	S113
4238.930000	0.000000	2119466	S111
4240.462000	0.000000	2120232	S112
4240.822000	0.000000	2120412	S116
4244.546000	0.000000	2122274	S91
4246.080000	0.000000	2123041	S92
4246.380000	0.000000	2123191	S93
4249.880000	0.000000	2124941	S101
4251.412000	0.000000	2125707	S102
4251.724000	0.000000	2125863	S103
4255.246000	0.000000	2127624	S101
4256.780000	0.000000	2128391	S102
4257.110000	0.000000	2128556	S103
4260.764000	0.000000	2130383	S111
4262.296000	0.000000	2131149	S112
4262.616000	0.000000	2131309	S113
4266.196000	0.000000	2133099	S91
4267.730000	0.000000	2133866	S92
4268.024000	0.000000	2134013	S93
4271.446000	0.000000	2135724	S111
4272.980000	0.000000	2136491	S112
4273.280000	0.000000	2136641	S113
4276.746000	0.000000	2138374	S91
4278.280000	0.000000	2139141	S92
4278.548000	0.000000	2139275	S93
4281.880000	0.000000	2140941	S91
4283.412000	0.000000	2141707	S92
4283.712000	0.000000	2141857	S93
4287.246000	0.000000	2143624	S101
4288.780000	0.000000	2144391	S102
4289.122000	0.000000	2144562	S103
4292.796000	0.000000	2146399	S101
4294.330000	0.000000	2147166	S102
4294.620000	0.000000	2147311	S103
4298.064000	0.000000	2149033	S111
4299.596000	0.000000	2149799	S112
4299.876000	0.000000	2149939	S113
4303.246000	0.000000	2151624	S111
4304.780000	0.000000	2152391	S112
4305.112000	0.000000	2152557	S113
4308.714000	0.000000	2154358	S91
4310.246000	0.000000	2155124	S92
4310.574000	0.000000	2155288	S93
4314.164000	0.000000	2157083	S111
4315.696000	0.000000	2157849	S112
4315.996000	0.000000	2157999	S113
4319.480000	0.000000	2159741	S91
4321.014000	0.000000	2160508	S92
4321.340000	0.000000	2160671	S93
4324.946000	0.000000	2162474	S91
4326.480000	0.000000	2163241	S92
4326.848000	0.000000	2163425	S93
4330.680000	0.000000	2165341	S91
4332.214000	0.000000	2166108	S92
4332.550000	0.000000	2166276	S93
4336.230000	0.000000	2168116	S101
4337.764000	0.000000	2168883	S102
4338.094000	0.000000	2169048	S103
4341.714000	0.000000	2170858	S101
4343.246000	0.000000	2171624	S102
4343.594000	0.000000	2171798	S103
4347.296000	0.000000	2173649	S101
4348.830000	0.000000	2174416	S102
4349.114000	0.000000	2174558	S103
4352.514000	0.000000	2176258	S91
4354.046000	0.000000	2177024	S92
4354.320000	0.000000	2177161	S93
4357.630000	0.000000	2178816	S111
4359.164000	0.000000	2179583	S112
4359.458000	0.000000	2179730	S113
4362.896000	0.000000	2181449	S91
4364.430000	0.000000	2182216	S92
4364.710000	0.000000	2182356	S93
4368.064000	0.000000	2184033	S91
4369.596000	0.000000	2184799	S92
4369.908000	0.000000	2184955	S93
4373.414000	0.000000	2186708	S121
4374.946000	0.000000	2187474	S122
4375.304000	0.000000	2187653	S123
4379.046000	0.000000	2189524	S121
4380.580000	0.000000	2190291	S122
4380.858000	0.000000	2190430	S123
4384.230000	0.000000	2192116	S111
4385.764000	0.000000	2192883	S112
4386.074000	0.000000	2193038	S113
4427.932000	0.000000	2213967	S101
4429.464000	0.000000	2214733	S102
4429.822000	0.000000	2214912	S103
4433.598000	0.000000	2216800	S101
4435.130000	0.000000	2217566	S102
4435.484000	0.000000	2217743	S103
4439.264000	0.000000	2219633	S121
4440.798000	0.000000	2220400	S122
4441.150000	0.000000	2220576	S123
4444.930000	0.000000	2222466	S91
4446.464000	0.000000	2223233	S92
4446.816000	0.000000	2223409	S93
4450.614000	0.000000	2225308	S91
4452.148000	0.000000	2226075	S92
4452.438000	0.000000	2226220	S93
4455.864000	0.000000	2227933	S91
4457.398000	0.000000	2228700	S92
4457.718000	0.000000	2228860	S93
4461.280000	0.000000	2230641	S101
4462.814000	0.000000	2231408	S102
4463.108000	0.000000	2231555	S103
4466.598000	0.000000	2233300	S111
4468.130000	0.000000	2234066	S112
4468.436000	0.000000	2234219	S113
4471.948000	0.000000	2235975	S121
4473.480000	0.000000	2236741	S122
4473.844000	0.000000	2236923	S123
4477.630000	0.000000	2238816	S91
4479.164000	0.000000	2239583	S92
4479.496000	0.000000	2239749	S93
4483.098000	0.000000	2241550	S91
4484.630000	0.000000	2242316	S92
4484.900000	0.000000	2242451	S93
4488.232000	0.000000	2244117	S91
4489.764000	0.000000	2244883	S92
4490.102000	0.000000	2245052	S93
4493.748000	0.000000	2246875	S111
4495.280000	0.000000	2247641	S112
4495.624000	0.000000	2247813	S113
4499.298000	0.000000	2249650	S121
4500.832000	0.000000	2250417	S122
4501.136000	0.000000	2250569	S123
4504.648000	0.000000	2252325	S121
4506.182000	0.000000	2253092	S122
4506.508000	0.000000	2253255	S123
4510.114000	0.000000	2255058	S121
4511.648000	0.000000	2255825	S122
4512.012000	0.000000	2256007	S123
4515.782000	0.000000	2257892	S91
4517.314000	0.000000	2258658	S92
4517.630000	0.000000	2258816	S93
4521.164000	0.000000	2260583	S101
4522.698000	0.000000	2261350	S102
4522.976000	0.000000	2261489	S103
4526.332000	0.000000	2263167	S91
4527.864000	0.000000	2263933	S92
4528.144000	0.000000	2264073	S93
4531.514000	0.000000	2265758	S91
4533.048000	0.000000	2266525	S92
4533.332000	0.000000	2266667	S93
4536.714000	0.000000	2268358	S101
4538.248000	0.000000	2269125	S102
4538.558000	0.000000	2269280	S103
4542.064000	0.000000	2271033	S121
4543.598000	0.000000	2271800	S122
4543.956000	0.000000	2271979	S123
4547.798000	0.000000	2273900	S101
4549.332000	0.000000	2274667	S102
4549.694000	0.000000	2274848	S103
4553.482000	0.000000	2276742	S111
4555.014000	0.000000	2277508	S112
4555.320000	0.000000	2277661	S113
4558.832000	0.000000	2279417	S91
4560.364000	0.000000	2280183	S92
4560.666000	0.000000	2280334	S93
4564.182000	0.000000	2282092	S111
4565.714000	0.000000	2282858	S112
4566.026000	0.000000	2283014	S113
4569.532000	0.000000	2284767	S111
4571.064000	0.000000	2285533	S112
4571.354000	0.000000	2285678	S113
4574.766000	0.000000	2287384	S121
4576.298000	0.000000	2288150	S122
4576.640000	0.000000	2288321	S123
4580.332000	0.000000	2290167	S121
4581.864000	0.000000	2290933	S122
4582.228000	0.000000	2291115	S123
4585.998000	0.000000	2293000	S91
4587.532000	0.000000	2293767	S92
4587.800000	0.000000	2293901	S93
4591.132000	0.000000	2295567	S121
4592.664000	0.000000	2296333	S122
4592.986000	0.000000	2296494	S123
4596.566000	0.000000	2298284	S101
4598.098000	0.000000	2299050	S102
4598.378000	0.000000	2299190	S103
4601.816000	0.000000	2300909	S121
4603.348000	0.000000	2301675	S122
4603.718000	0.000000	2301860	S123
4607.532000	0.000000	2303767	S121
4609.066000	0.000000	2304534	S122
4609.396000	0.000000	2304699	S123
4613.016000	0.000000	2306509	S91
4614.548000	0.000000	2307275	S92
4614.902000	0.000000	2307452	S93
4618.648000	0.000000	2309325	S101
4620.182000	0.000000	2310092	S102
4620.524000	0.000000	2310263	S103
4624.216000	0.000000	2312109	S101
4625.748000	0.000000	2312875	S102
4626.074000	0.000000	2313038	S103
4629.666000	0.000000	2314834	S121
4631.198000	0.000000	2315600	S122
4631.530000	0.000000	2315766	S123
4635.148000	0.000000	2317575	S111
4636.682000	0.000000	2318342	S112
4637.024000	0.000000	2318513	S113
4640.716000	0.000000	2320359	S121
4642.248000	0.000000	2321125	S122
4642.596000	0.000000	2321299	S123
4646.282000	0.000000	2323142	S111
4647.816000	0.000000	2323909	S112
4648.184000	0.000000	2324093	S113
4651.982000	0.000000	2325992	S121
4653.516000	0.000000	2326759	S122
4653.868000	0.000000	2326935	S123
4657.648000	0.000000	2328825	S101
4659.182000	0.000000	2329592	S102
4659.540000	0.000000	2329771	S103
4663.282000	0.000000	2331642	S101
4664.816000	0.000000	2332409	S102
4665.178000	0.000000	2332590	S103
4668.982000	0.000000	2334492	S121
4670.516000	0.000000	2335259	S122
4670.790000	0.000000	2335396	S123
4674.300000	0.000000	2337151	S101
4675.832000	0.000000	2337917	S102
4676.122000	0.000000	2338062	S103
4679.550000	0.000000	2339776	S121
4681.082000	0.000000	2340542	S122
4681.450000	0.000000	2340726	S123
4685.282000	0.000000	2342642	S101
4686.816000	0.000000	2343409	S102
4687.152000	0.000000	2343577	S103
4690.866000	0.000000	2345434	S91
4692.398000	0.000000	2346200	S92
4692.746000	0.000000	2346374	S93
4696.450000	0.000000	2348226	S111
4697.982000	0.000000	2348992	S112
4698.346000	0.000000	2349174	S113
4702.132000	0.000000	2351067	S111
4703.666000	0.000000	2351834	S112
4704.024000	0.000000	2352013	S113
4762.000000	0.000000	2381001	S101
4763.532000	0.000000	2381767	S102
4763.888000	0.000000	2381945	S106
4767.550000	0.000000	2383776	S111
4769.082000	0.000000	2384542	S112
4769.414000	0.000000	2384708	S113
4773.050000	0.000000	2386526	S111
4774.582000	0.000000	2387292	S112
4774.894000	0.000000	2387448	S113
4778.400000	0.000000	2389201	S91
4779.932000	0.000000	2389967	S92
4780.232000	0.000000	2390117	S96
4783.650000	0.000000	2391826	S101
4785.182000	0.000000	2392592	S102
4785.542000	0.000000	2392772	S103
4789.316000	0.000000	2394659	S91
4790.850000	0.000000	2395426	S92
4791.160000	0.000000	2395581	S93
4794.666000	0.000000	2397334	S121
4796.200000	0.000000	2398101	S122
4796.536000	0.000000	2398269	S123
4800.166000	0.000000	2400084	S121
4801.700000	0.000000	2400851	S122
4802.004000	0.000000	2401003	S123
4805.516000	0.000000	2402759	S101
4807.050000	0.000000	2403526	S102
4807.356000	0.000000	2403679	S103
4810.850000	0.000000	2405426	S111
4812.384000	0.000000	2406193	S112
4812.736000	0.000000	2406369	S113
4816.450000	0.000000	2408226	S91
4817.984000	0.000000	2408993	S92
4818.342000	0.000000	2409172	S93
4822.116000	0.000000	2411059	S101
4823.650000	0.000000	2411826	S102
4823.998000	0.000000	2412000	S103
4827.700000	0.000000	2413851	S111
4829.234000	0.000000	2414618	S112
4829.570000	0.000000	2414786	S113
4833.216000	0.000000	2416609	S111
4834.750000	0.000000	2417376	S112
4835.098000	0.000000	2417550	S113
4838.784000	0.000000	2419393	S121
4840.316000	0.000000	2420159	S122
4840.674000	0.000000	2420338	S123
4844.450000	0.000000	2422226	S111
4845.984000	0.000000	2422993	S112
4846.342000	0.000000	2423172	S113
4850.166000	0.000000	2425084	S121
4851.700000	0.000000	2425851	S122
4852.016000	0.000000	2426009	S123
4855.566000	0.000000	2427784	S121
4857.100000	0.000000	2428551	S122
4857.400000	0.000000	2428701	S123
4860.850000	0.000000	2430426	S121
4862.384000	0.000000	2431193	S122
4862.668000	0.000000	2431335	S123
4866.100000	0.000000	2433051	S121
4867.634000	0.000000	2433818	S122
4867.924000	0.000000	2433963	S123
4871.350000	0.000000	2435676	S91
4872.884000	0.000000	2436443	S92
4873.190000	0.000000	2436596	S93
4876.700000	0.000000	2438351	S111
4878.234000	0.000000	2439118	S112
4878.538000	0.000000	2439270	S113
4882.068000	0.000000	2441035	S111
4883.600000	0.000000	2441801	S112
4883.926000	0.000000	2441964	S113
4887.518000	0.000000	2443760	S101
4889.050000	0.000000	2444526	S102
4889.318000	0.000000	2444660	S103
4892.634000	0.000000	2446318	S121
4894.168000	0.000000	2447085	S122
4894.468000	0.000000	2447235	S123
4897.950000	0.000000	2448976	S121
4899.484000	0.000000	2449743	S122
4899.752000	0.000000	2449877	S123
4903.068000	0.000000	2451535	S111
4904.600000	0.000000	2452301	S112
4904.884000	0.000000	2452443	S113
4908.318000	0.000000	2454160	S111
4909.850000	0.000000	2454926	S112
4910.204000	0.000000	2455103	S113
4913.950000	0.000000	2456976	S111
4915.484000	0.000000	2457743	S112
4915.804000	0.000000	2457903	S113
4919.400000	0.000000	2459701	S91
4920.934000	0.000000	2460468	S92
4921.276000	0.000000	2460639	S93
4924.950000	0.000000	2462476	S111
4926.484000	0.000000	2463243	S112
4926.800000	0.000000	2463401	S113
4930.368000	0.000000	2465185	S121
4931.900000	0.000000	2465951	S122
4932.186000	0.000000	2466094	S123
4935.584000	0.000000	2467793	S101
4937.118000	0.000000	2468560	S102
4937.450000	0.000000	2468726	S103
4941.050000	0.000000	2470526	S121
4942.584000	0.000000	2471293	S122
4942.922000	0.000000	2471462	S123
4946.568000	0.000000	2473285	S111
4948.100000	0.000000	2474051	S112
4948.438000	0.000000	2474220	S113
4952.084000	0.000000	2476043	S91
4953.618000	0.000000	2476810	S92
4953.980000	0.000000	2476991	S93
4957.768000	0.000000	2478885	S111
4959.300000	0.000000	2479651	S112
4959.590000	0.000000	2479796	S113
4963.002000	0.000000	2481502	S91
4964.534000	0.000000	2482268	S92
4964.892000	0.000000	2482447	S96
4968.634000	0.000000	2484318	S121
4970.168000	0.000000	2485085	S122
4970.436000	0.000000	2485219	S123
4973.752000	0.000000	2486877	S111
4975.284000	0.000000	2487643	S112
4975.568000	0.000000	2487785	S113
4978.968000	0.000000	2489485	S101
4980.500000	0.000000	2490251	S102
4980.822000	0.000000	2490412	S103
4984.384000	0.000000	2492193	S121
4985.918000	0.000000	2492960	S122
4986.254000	0.000000	2493128	S123
4989.918000	0.000000	2494960	S121
4991.452000	0.000000	2495727	S122
4991.766000	0.000000	2495884	S123
4995.284000	0.000000	2497643	S121
4996.818000	0.000000	2498410	S122
4997.140000	0.000000	2498571	S123
5000.718000	0.000000	2500360	S101
5002.252000	0.000000	2501127	S102
5002.524000	0.000000	2501263	S103
5005.852000	0.000000	2502927	S121
5007.384000	0.000000	2503693	S122
5007.754000	0.000000	2503878	S123
5011.552000	0.000000	2505777	S101
5013.084000	0.000000	2506543	S102
5013.384000	0.000000	2506693	S103
5016.852000	0.000000	2508427	S91
5018.384000	0.000000	2509193	S92
5018.696000	0.000000	2509349	S93
5022.218000	0.000000	2511110	S121
5023.752000	0.000000	2511877	S122
5024.094000	0.000000	2512048	S123
5027.768000	0.000000	2513885	S111
5029.302000	0.000000	2514652	S112
5029.586000	0.000000	2514794	S113
5032.986000	0.000000	2516494	S111
5034.518000	0.000000	2517260	S112
5034.844000	0.000000	2517423	S113
5038.484000	0.000000	2519243	S101
5040.018000	0.000000	2520010	S102
5040.356000	0.000000	2520179	S103
5042.950000	0.000000	2521476	S255
